--
-- PostgreSQL database dump
--

-- Dumped from database version 12.9 (Ubuntu 12.9-2.pgdg20.04+1)
-- Dumped by pg_dump version 12.9 (Ubuntu 12.9-2.pgdg20.04+1)

SET statement_timeout = 0;
SET lock_timeout = 0;
SET idle_in_transaction_session_timeout = 0;
SET client_encoding = 'UTF8';
SET standard_conforming_strings = on;
SELECT pg_catalog.set_config('search_path', '', false);
SET check_function_bodies = false;
SET xmloption = content;
SET client_min_messages = warning;
SET row_security = off;

DROP DATABASE universe;
--
-- Name: universe; Type: DATABASE; Schema: -; Owner: freecodecamp
--

CREATE DATABASE universe WITH TEMPLATE = template0 ENCODING = 'UTF8' LC_COLLATE = 'C.UTF-8' LC_CTYPE = 'C.UTF-8';


ALTER DATABASE universe OWNER TO freecodecamp;

\connect universe

SET statement_timeout = 0;
SET lock_timeout = 0;
SET idle_in_transaction_session_timeout = 0;
SET client_encoding = 'UTF8';
SET standard_conforming_strings = on;
SELECT pg_catalog.set_config('search_path', '', false);
SET check_function_bodies = false;
SET xmloption = content;
SET client_min_messages = warning;
SET row_security = off;

SET default_tablespace = '';

SET default_table_access_method = heap;

--
-- Name: asteroid; Type: TABLE; Schema: public; Owner: freecodecamp
--

CREATE TABLE public.asteroid (
    asteroid_id integer NOT NULL,
    name character varying(20),
    planet_id integer NOT NULL
);


ALTER TABLE public.asteroid OWNER TO freecodecamp;

--
-- Name: asteroid_asteroid_id_seq; Type: SEQUENCE; Schema: public; Owner: freecodecamp
--

CREATE SEQUENCE public.asteroid_asteroid_id_seq
    AS integer
    START WITH 1
    INCREMENT BY 1
    NO MINVALUE
    NO MAXVALUE
    CACHE 1;


ALTER TABLE public.asteroid_asteroid_id_seq OWNER TO freecodecamp;

--
-- Name: asteroid_asteroid_id_seq; Type: SEQUENCE OWNED BY; Schema: public; Owner: freecodecamp
--

ALTER SEQUENCE public.asteroid_asteroid_id_seq OWNED BY public.asteroid.asteroid_id;


--
-- Name: galaxy; Type: TABLE; Schema: public; Owner: freecodecamp
--

CREATE TABLE public.galaxy (
    galaxy_id integer NOT NULL,
    name character varying(30) NOT NULL,
    age_in_millions_of_years integer,
    distance_from_earth integer,
    apparent_magnitude numeric(3,1) NOT NULL,
    constellation character varying(20)
);


ALTER TABLE public.galaxy OWNER TO freecodecamp;

--
-- Name: galaxy_galaxy_id_seq; Type: SEQUENCE; Schema: public; Owner: freecodecamp
--

CREATE SEQUENCE public.galaxy_galaxy_id_seq
    AS integer
    START WITH 1
    INCREMENT BY 1
    NO MINVALUE
    NO MAXVALUE
    CACHE 1;


ALTER TABLE public.galaxy_galaxy_id_seq OWNER TO freecodecamp;

--
-- Name: galaxy_galaxy_id_seq; Type: SEQUENCE OWNED BY; Schema: public; Owner: freecodecamp
--

ALTER SEQUENCE public.galaxy_galaxy_id_seq OWNED BY public.galaxy.galaxy_id;


--
-- Name: moon; Type: TABLE; Schema: public; Owner: freecodecamp
--

CREATE TABLE public.moon (
    moon_id integer NOT NULL,
    name character varying(20),
    planet_id integer NOT NULL,
    has_water boolean,
    atmosphere text
);


ALTER TABLE public.moon OWNER TO freecodecamp;

--
-- Name: moon_moon_id_seq; Type: SEQUENCE; Schema: public; Owner: freecodecamp
--

CREATE SEQUENCE public.moon_moon_id_seq
    AS integer
    START WITH 1
    INCREMENT BY 1
    NO MINVALUE
    NO MAXVALUE
    CACHE 1;


ALTER TABLE public.moon_moon_id_seq OWNER TO freecodecamp;

--
-- Name: moon_moon_id_seq; Type: SEQUENCE OWNED BY; Schema: public; Owner: freecodecamp
--

ALTER SEQUENCE public.moon_moon_id_seq OWNED BY public.moon.moon_id;


--
-- Name: planet; Type: TABLE; Schema: public; Owner: freecodecamp
--

CREATE TABLE public.planet (
    planet_id integer NOT NULL,
    name character varying(20),
    description text,
    has_life boolean,
    is_spherical boolean,
    star_id integer NOT NULL
);


ALTER TABLE public.planet OWNER TO freecodecamp;

--
-- Name: planet_planet_id_seq; Type: SEQUENCE; Schema: public; Owner: freecodecamp
--

CREATE SEQUENCE public.planet_planet_id_seq
    AS integer
    START WITH 1
    INCREMENT BY 1
    NO MINVALUE
    NO MAXVALUE
    CACHE 1;


ALTER TABLE public.planet_planet_id_seq OWNER TO freecodecamp;

--
-- Name: planet_planet_id_seq; Type: SEQUENCE OWNED BY; Schema: public; Owner: freecodecamp
--

ALTER SEQUENCE public.planet_planet_id_seq OWNED BY public.planet.planet_id;


--
-- Name: star; Type: TABLE; Schema: public; Owner: freecodecamp
--

CREATE TABLE public.star (
    star_id integer NOT NULL,
    name character varying(20),
    absolute_magnitude numeric(8,5),
    galaxy_id integer NOT NULL,
    distance_in_light_years integer
);


ALTER TABLE public.star OWNER TO freecodecamp;

--
-- Name: star_star_id_seq; Type: SEQUENCE; Schema: public; Owner: freecodecamp
--

CREATE SEQUENCE public.star_star_id_seq
    AS integer
    START WITH 1
    INCREMENT BY 1
    NO MINVALUE
    NO MAXVALUE
    CACHE 1;


ALTER TABLE public.star_star_id_seq OWNER TO freecodecamp;

--
-- Name: star_star_id_seq; Type: SEQUENCE OWNED BY; Schema: public; Owner: freecodecamp
--

ALTER SEQUENCE public.star_star_id_seq OWNED BY public.star.star_id;


--
-- Name: asteroid asteroid_id; Type: DEFAULT; Schema: public; Owner: freecodecamp
--

ALTER TABLE ONLY public.asteroid ALTER COLUMN asteroid_id SET DEFAULT nextval('public.asteroid_asteroid_id_seq'::regclass);


--
-- Name: galaxy galaxy_id; Type: DEFAULT; Schema: public; Owner: freecodecamp
--

ALTER TABLE ONLY public.galaxy ALTER COLUMN galaxy_id SET DEFAULT nextval('public.galaxy_galaxy_id_seq'::regclass);


--
-- Name: moon moon_id; Type: DEFAULT; Schema: public; Owner: freecodecamp
--

ALTER TABLE ONLY public.moon ALTER COLUMN moon_id SET DEFAULT nextval('public.moon_moon_id_seq'::regclass);


--
-- Name: planet planet_id; Type: DEFAULT; Schema: public; Owner: freecodecamp
--

ALTER TABLE ONLY public.planet ALTER COLUMN planet_id SET DEFAULT nextval('public.planet_planet_id_seq'::regclass);


--
-- Name: star star_id; Type: DEFAULT; Schema: public; Owner: freecodecamp
--

ALTER TABLE ONLY public.star ALTER COLUMN star_id SET DEFAULT nextval('public.star_star_id_seq'::regclass);


--
-- Data for Name: asteroid; Type: TABLE DATA; Schema: public; Owner: freecodecamp
--

INSERT INTO public.asteroid VALUES (1, NULL, 1);
INSERT INTO public.asteroid VALUES (2, NULL, 3);
INSERT INTO public.asteroid VALUES (3, NULL, 4);


--
-- Data for Name: galaxy; Type: TABLE DATA; Schema: public; Owner: freecodecamp
--

INSERT INTO public.galaxy VALUES (1, 'Milky Way', NULL, NULL, -6.5, 'Sagittarius');
INSERT INTO public.galaxy VALUES (2, 'Large Magellanic Cloud', NULL, NULL, 0.9, 'Dorado/Mensa');
INSERT INTO public.galaxy VALUES (3, 'Small Magellanic Cloud', NULL, NULL, 2.7, 'Tucana');
INSERT INTO public.galaxy VALUES (4, 'Andromeda Galaxy', NULL, NULL, 3.4, 'Andromeda');
INSERT INTO public.galaxy VALUES (5, 'Triangulum Galaxy', NULL, NULL, 5.7, 'Triangulum');
INSERT INTO public.galaxy VALUES (6, 'Centaurus Galaxy', NULL, NULL, 6.8, 'Centaurus');


--
-- Data for Name: moon; Type: TABLE DATA; Schema: public; Owner: freecodecamp
--

INSERT INTO public.moon VALUES (7, 'Moon', 1, NULL, NULL);
INSERT INTO public.moon VALUES (8, 'Europa', 1, NULL, NULL);
INSERT INTO public.moon VALUES (9, 'Ganymede', 3, NULL, NULL);
INSERT INTO public.moon VALUES (10, 'Titan', 4, NULL, NULL);
INSERT INTO public.moon VALUES (11, 'lo', 5, NULL, NULL);
INSERT INTO public.moon VALUES (12, 'Callisto', 6, NULL, NULL);
INSERT INTO public.moon VALUES (13, 'Amalthea', 7, NULL, NULL);
INSERT INTO public.moon VALUES (14, 'Mimas', 1, NULL, NULL);
INSERT INTO public.moon VALUES (15, 'Adrastea', 3, NULL, NULL);
INSERT INTO public.moon VALUES (16, 'Encladus', 4, NULL, NULL);
INSERT INTO public.moon VALUES (17, 'Himalia', 5, NULL, NULL);
INSERT INTO public.moon VALUES (18, 'Ananke', 6, NULL, NULL);
INSERT INTO public.moon VALUES (19, 'Autonoe', 7, NULL, NULL);
INSERT INTO public.moon VALUES (20, 'locaste', 1, NULL, NULL);
INSERT INTO public.moon VALUES (21, 'Callirhoe', 3, NULL, NULL);
INSERT INTO public.moon VALUES (22, 'Carme', 4, NULL, NULL);
INSERT INTO public.moon VALUES (23, 'Hyperion', 5, NULL, NULL);
INSERT INTO public.moon VALUES (24, 'Elara', 6, NULL, NULL);
INSERT INTO public.moon VALUES (25, 'Cyllene', 8, NULL, NULL);
INSERT INTO public.moon VALUES (26, 'Carpo', 9, NULL, NULL);


--
-- Data for Name: planet; Type: TABLE DATA; Schema: public; Owner: freecodecamp
--

INSERT INTO public.planet VALUES (1, 'Mercury', NULL, false, true, 1);
INSERT INTO public.planet VALUES (3, 'Mars', NULL, false, true, 1);
INSERT INTO public.planet VALUES (4, 'Venus', NULL, false, true, 2);
INSERT INTO public.planet VALUES (5, 'Jupiter', NULL, false, true, 2);
INSERT INTO public.planet VALUES (6, 'Saturn', NULL, false, true, 3);
INSERT INTO public.planet VALUES (7, 'Uranus', NULL, false, true, 3);
INSERT INTO public.planet VALUES (8, 'Neptun', NULL, false, true, 4);
INSERT INTO public.planet VALUES (9, 'Earth', NULL, true, true, 4);
INSERT INTO public.planet VALUES (10, 'Kepler', NULL, false, true, 5);
INSERT INTO public.planet VALUES (11, 'Co-Rot', NULL, false, true, 5);
INSERT INTO public.planet VALUES (12, 'Gliese', NULL, false, true, 6);
INSERT INTO public.planet VALUES (13, 'HP', NULL, false, true, 6);


--
-- Data for Name: star; Type: TABLE DATA; Schema: public; Owner: freecodecamp
--

INSERT INTO public.star VALUES (1, 'Sirius', 1.45000, 1, 9);
INSERT INTO public.star VALUES (2, 'Canopus', -5.53000, 2, 313);
INSERT INTO public.star VALUES (3, 'Arcturus', -0.31000, 3, 37);
INSERT INTO public.star VALUES (4, 'Vega', 0.54000, 4, 25);
INSERT INTO public.star VALUES (5, 'Capella', -0.48000, 5, 42);
INSERT INTO public.star VALUES (6, 'Procyon', 2.68000, 6, 11);


--
-- Name: asteroid_asteroid_id_seq; Type: SEQUENCE SET; Schema: public; Owner: freecodecamp
--

SELECT pg_catalog.setval('public.asteroid_asteroid_id_seq', 3, true);


--
-- Name: galaxy_galaxy_id_seq; Type: SEQUENCE SET; Schema: public; Owner: freecodecamp
--

SELECT pg_catalog.setval('public.galaxy_galaxy_id_seq', 6, true);


--
-- Name: moon_moon_id_seq; Type: SEQUENCE SET; Schema: public; Owner: freecodecamp
--

SELECT pg_catalog.setval('public.moon_moon_id_seq', 26, true);


--
-- Name: planet_planet_id_seq; Type: SEQUENCE SET; Schema: public; Owner: freecodecamp
--

SELECT pg_catalog.setval('public.planet_planet_id_seq', 13, true);


--
-- Name: star_star_id_seq; Type: SEQUENCE SET; Schema: public; Owner: freecodecamp
--

SELECT pg_catalog.setval('public.star_star_id_seq', 6, true);


--
-- Name: asteroid asteroid_asteroid_id_key; Type: CONSTRAINT; Schema: public; Owner: freecodecamp
--

ALTER TABLE ONLY public.asteroid
    ADD CONSTRAINT asteroid_asteroid_id_key UNIQUE (asteroid_id);


--
-- Name: asteroid asteroid_pkey; Type: CONSTRAINT; Schema: public; Owner: freecodecamp
--

ALTER TABLE ONLY public.asteroid
    ADD CONSTRAINT asteroid_pkey PRIMARY KEY (asteroid_id);


--
-- Name: galaxy galaxy_galaxy_id_key; Type: CONSTRAINT; Schema: public; Owner: freecodecamp
--

ALTER TABLE ONLY public.galaxy
    ADD CONSTRAINT galaxy_galaxy_id_key UNIQUE (galaxy_id);


--
-- Name: galaxy galaxy_pkey; Type: CONSTRAINT; Schema: public; Owner: freecodecamp
--

ALTER TABLE ONLY public.galaxy
    ADD CONSTRAINT galaxy_pkey PRIMARY KEY (galaxy_id);


--
-- Name: moon moon_moon_id_key; Type: CONSTRAINT; Schema: public; Owner: freecodecamp
--

ALTER TABLE ONLY public.moon
    ADD CONSTRAINT moon_moon_id_key UNIQUE (moon_id);


--
-- Name: moon moon_pkey; Type: CONSTRAINT; Schema: public; Owner: freecodecamp
--

ALTER TABLE ONLY public.moon
    ADD CONSTRAINT moon_pkey PRIMARY KEY (moon_id);


--
-- Name: planet planet_name_key; Type: CONSTRAINT; Schema: public; Owner: freecodecamp
--

ALTER TABLE ONLY public.planet
    ADD CONSTRAINT planet_name_key UNIQUE (name);


--
-- Name: planet planet_pkey; Type: CONSTRAINT; Schema: public; Owner: freecodecamp
--

ALTER TABLE ONLY public.planet
    ADD CONSTRAINT planet_pkey PRIMARY KEY (planet_id);


--
-- Name: star star_galaxy_id_key; Type: CONSTRAINT; Schema: public; Owner: freecodecamp
--

ALTER TABLE ONLY public.star
    ADD CONSTRAINT star_galaxy_id_key UNIQUE (galaxy_id);


--
-- Name: star star_pkey; Type: CONSTRAINT; Schema: public; Owner: freecodecamp
--

ALTER TABLE ONLY public.star
    ADD CONSTRAINT star_pkey PRIMARY KEY (star_id);


--
-- Name: asteroid asteroid_planet_id_fkey; Type: FK CONSTRAINT; Schema: public; Owner: freecodecamp
--

ALTER TABLE ONLY public.asteroid
    ADD CONSTRAINT asteroid_planet_id_fkey FOREIGN KEY (planet_id) REFERENCES public.planet(planet_id);


--
-- Name: moon moon_planet_id_fkey; Type: FK CONSTRAINT; Schema: public; Owner: freecodecamp
--

ALTER TABLE ONLY public.moon
    ADD CONSTRAINT moon_planet_id_fkey FOREIGN KEY (planet_id) REFERENCES public.planet(planet_id);


--
-- Name: planet planet_star_id_fkey; Type: FK CONSTRAINT; Schema: public; Owner: freecodecamp
--

ALTER TABLE ONLY public.planet
    ADD CONSTRAINT planet_star_id_fkey FOREIGN KEY (star_id) REFERENCES public.star(star_id);


--
-- Name: star star_galaxy_id_fkey; Type: FK CONSTRAINT; Schema: public; Owner: freecodecamp
--

ALTER TABLE ONLY public.star
    ADD CONSTRAINT star_galaxy_id_fkey FOREIGN KEY (galaxy_id) REFERENCES public.galaxy(galaxy_id);


--
-- PostgreSQL database dump complete
--

